,colName,ticker_min_list,ticker_max_list,Low_from_High_in_percentage,value_lost_in_percentage,current_price,current_P_from_PostCrashInMarch2020_%,current_P_from_PreCrashIn20Feb2020_%,PE_RATIO,marketCap,S&P_500
7,ZTS,92.66000366210938,143.6199951171875,0.6451748141789238,0.3548251858210762,231.4499969482422,1.4978414396813473,0.6115443866948285,55.784523,109505.011712,True
21,ZION,24.07999992370605,46.25,0.5206486469990498,0.4793513530009502,63.209999084472656,1.6249999702966889,0.3667026829075169,12.850172,10354.808832,True
32,ZBRA,161.50999450683594,242.72000122070312,0.6654169153533266,0.3345830846466734,614.5499877929688,2.80502760630679,1.5319297326229162,51.508675,32885.368832,True
33,ZBH,80.62999725341797,158.38999938964844,0.5090599000197201,0.4909400999802799,124.48999786376952,0.5439662917574053,-0.2140286738841572,45.667645,25953.923072,True
37,YUM,56.52000045776367,103.87000274658205,0.5441417056246638,0.4558582943753362,133.8699951171875,1.3685420034139246,0.2888224855813113,35.803688,39880.003584,True
54,XYL,56.63999938964844,88.66000366210938,0.6388449926700677,0.3611550073299323,122.8000030517578,1.1680791732882825,0.3850665235674791,73.532936,22109.157376,True
61,XRAY,31.89999961853028,57.43999862670898,0.555362123628205,0.4446378763717949,53.290000915527344,0.6705329640371502,-0.0722492655014084,67.71284,11634.166784,True
68,XOM,31.450000762939453,59.86000061035156,0.5253925900812774,0.4746074099187226,63.0099983215332,1.0034975132904898,0.0526227477290889,XOM,266755.35872,True
73,XLNX,68.9800033569336,89.79000091552734,0.7682370269917762,0.2317629730082238,217.17999267578125,2.14844856634747,1.4187547662473006,82.89313,53399.564288,True
82,XEL,50.0,70.81999969482422,0.7060152529717418,0.2939847470282581,66.51000213623047,0.3302000427246094,-0.0608584803327631,22.942396,35796.148224,True
91,WY,13.470000267028809,30.8700008392334,0.4363459637457954,0.5636540362542046,40.02000045776367,1.9710467456873493,0.2964042555807555,22.521105,29983.584256,True
93,WYNN,43.02000045776367,133.3300018310547,0.3226580654538296,0.6773419345461704,87.58000183105469,1.0357973244802563,-0.3431335736271181,WYNN,10194.487296,True
103,WU,18.3700008392334,26.5,0.6932075788389962,0.3067924211610038,18.209999084472656,-0.0087099481464922,-0.3128302232274469,10.060773,7452.478464,True
117,WST,128.9600067138672,171.6699981689453,0.7512087615155327,0.2487912384844672,431.5700073242188,2.3465414458435485,1.5139512548925325,77.50898,31860.092928,True
128,WRK,22.07999992370605,40.84999847412109,0.5405140942096722,0.4594859057903278,43.619998931884766,0.9755434367122634,0.0678090712663919,WRK,11494.610944,True
130,WRB,43.36000061035156,78.6500015258789,0.5513032392769177,0.4486967607230823,80.94000244140625,0.8666974470033336,0.0291163492828902,19.906542,14357.218304,True
142,WM,87.87000274658203,124.55999755859376,0.7054431958000598,0.2945568041999402,164.72000122070312,0.8745874140434166,0.3224149361693577,45.005463,69532.762112,True
143,WMT,104.0500030517578,122.58000183105467,0.8488334271292004,0.1511665728707996,141.02999877929688,0.3554060032957812,0.1505139229290502,32.645832,395187.191808,True
148,WMB,9.25,22.049999237060547,0.4195011483017676,0.5804988516982323,26.63999938964844,1.879999934016048,0.208163279428747,28.101265,32361.203712,True
149,WLTW,147.55999755859375,209.5,0.7043436637641707,0.2956563362358293,233.7700042724609,0.5842369757402207,0.1158472757635365,21.368374,30150.95296,True
170,WHR,64.22000122070312,149.0800018310547,0.4307754254891988,0.5692245745108011,230.02999877929688,2.5819058612091745,0.5429970214246375,10.731012,14405.582848,True
182,WFC,25.25,47.70000076293945,0.5293500963550928,0.4706499036449072,50.20000076293945,0.988118842096612,0.0524109006292171,34.478024,207884.222464,True
190,WELL,33.220001220703125,88.0199966430664,0.3774142523024052,0.6225857476975948,82.70999908447266,1.4897650826372255,-0.0603271729278353,79.91305,36001.595392,True
192,WEC,70.88999938964844,104.72000122070312,0.67694803822857,0.32305196177143,93.4800033569336,0.3186627755929113,-0.1073338209773376,23.552532,29486.866432,True
196,WDC,29.190000534057617,69.05999755859375,0.4226759566461242,0.5773240433538758,57.869998931884766,0.9825281902398249,-0.1620330006124727,50.62992,17734.434816,True
204,WBA,41.02000045776367,52.810001373291016,0.7767468167215347,0.2232531832784653,49.5,0.2067284116919447,-0.0626775475708483,WBA,42787.504128,True
205,WAT,162.36000061035156,217.33999633789065,0.747032315018246,0.252967684981754,340.9599914550781,1.1000245760860117,0.568786220668744,34.527596,21037.402112,True
212,WAB,40.75,78.83999633789062,0.5168696333439007,0.4831303666560993,90.94000244140624,1.2316565016296008,0.1534754777468239,41.677364,17187.479552,True
214,V,135.74000549316406,211.4499969482422,0.6419484864139767,0.3580515135860233,213.3999938964844,0.5721230680753976,0.0092220240074986,37.924294,463891.038208,True
227,VTR,16.969999313354492,63.04999923706055,0.2691514594559993,0.7308485405440006,48.369998931884766,1.8503241537446693,-0.2328310940969359,VTR,18145.568768,True
228,VTRS,13.260000228881836,21.14999961853028,0.626950376739689,0.373049623260311,12.699999809265137,-0.0422323084427217,-0.3995271849490621,VTRS,15349.981184,True
241,VRTX,199.7700042724609,246.2899932861328,0.8111170153810258,0.1888829846189742,208.0599975585937,0.0414976878852458,-0.1552235038762803,19.832237,53859.659776,True
245,VRSN,151.1699981689453,209.0599975585937,0.7230938483416779,0.2769061516583221,244.6999969482422,0.6187074149115829,0.1704773739876255,45.105988,27180.785664,True
246,VRSK,121.18000030517578,169.38999938964844,0.7153905233001683,0.2846094766998317,226.66000366210932,0.8704406922866492,0.338095545656875,52.957943,36528.750592,True
266,VNO,29.65999984741211,64.27999877929688,0.4614187991703092,0.5385812008296907,42.040000915527344,0.4173972060622047,-0.3459862832314261,VNO,8049.188352,True
277,VMC,76.61000061035156,135.7899932861328,0.5641800161880939,0.4358199838119061,205.4600067138672,1.681895380197992,0.5130717790148771,40.01948,27257.352192,True
283,VLO,32.619998931884766,84.16999816894531,0.3875490037009407,0.6124509962990592,70.8499984741211,1.1719804044772058,-0.1582511581868925,VLO,28960.64512,True
303,VIAC,11.279999732971191,29.290000915527344,0.3851143523519451,0.6148856476480549,31.21999931335449,1.76773050110091,0.0658927394162014,VIAC,20293.937152,True
314,VFC,45.9900016784668,83.98999786376953,0.5475652202427944,0.4524347797572056,75.9800033569336,0.6520982949324083,-0.0953684332725906,72.70814,29811.21024,True
371,USB,28.93000030517578,54.79999923706055,0.52791972094793,0.4720802790520699,57.77000045776367,0.9968890372748532,0.054197103322121,15.246767,86481.690624,True
378,URI,69.58999633789062,155.72000122070312,0.4468918301590571,0.5531081698409429,347.8099975585937,3.9979884446296015,1.2335602031343422,27.414675,25173.825536,True
383,UPS,86.16999816894531,106.4800033569336,0.80925991221181,0.1907400877881899,209.1100006103516,1.4267146925124623,0.9638429190257448,35.310707,183268.39296,True
389,UNP,114.04000091552734,183.3999938964844,0.6218102765035772,0.3781897234964227,248.4600067138672,1.1787092662153569,0.3547438112462768,26.615963,159728.975872,True
393,UNH,194.8600006103516,302.1300048828125,0.644954150402679,0.355045849597321,478.2300109863281,1.454223593802673,0.5828616928392125,27.1907,451306.61888,True
403,ULTA,128.52000427246094,301.3399963378906,0.4264950084102087,0.5735049915897912,403.489990234375,2.139511179745846,0.3389858470096489,129.73955,22348.785664,True
410,UHS,67.69000244140625,142.72000122070312,0.4742853269509856,0.5257146730490143,128.39999389648438,0.8968826896945357,-0.1003363733305621,10.888738,10930.395136,True
426,UDR,30.040000915527344,50.93000030517578,0.5898291917440753,0.4101708082559246,58.380001068115234,0.9434087646095662,0.1462792208580125,297.85715,17329.227776,True
438,UA,7.139999866485596,14.9399995803833,0.4779116510726443,0.5220883489273558,20.059999465942383,1.809523787262504,0.3427041518984918,77.75194,9816.922112,True
442,UAL,21.280000686645508,79.91000366210938,0.2662995834241936,0.7337004165758064,44.04999923706055,1.0700186943464056,-0.4487548840152591,UAL,14253.609984,True
443,UAA,8.0600004196167,16.5,0.4884848739161636,0.5115151260838364,23.61000061035156,1.9292803202452384,0.4309091279000945,91.511635,10089.37984,True
444,T,26.770000457763672,38.61000061035156,0.6933436942393231,0.3066563057606769,22.84000015258789,-0.1468061351502901,-0.4084434138427764,T,163077.603328,True
448,TYL,260.760009765625,336.57000732421875,0.7747571206320657,0.2252428793679343,515.0800170898438,0.9753029521390392,0.5303800275752611,116.85118,20983.691264,True
452,TXT,21.65999984741211,47.630001068115234,0.4547553928549432,0.5452446071450567,75.41000366210938,2.481532972915473,0.5832458948356144,40.133053,17020.716032,True
454,TXN,93.5,131.47000122070312,0.7111888577762953,0.2888111422237047,196.0,1.0962566844919786,0.490834397049774,29.683477,181010.694144,True
458,TWTR,22.0,39.04999923706055,0.5633802926971845,0.4366197073028155,45.560001373291016,1.07090915333141,0.166709404953128,TWTR,36362.665984,True
477,TT,71.26000213623047,117.81999969482422,0.6048209329554165,0.3951790670445835,202.69000244140625,1.84437266861031,0.7203361311017754,TT,48472.907776,True
478,TTWO,100.1500015258789,119.41999816894533,0.8386367699000895,0.1613632300999105,165.60000610351562,0.6535197561701918,0.3867024672805532,32.53438,19237.91872,True
493,TSN,44.18000030517578,78.80000305175781,0.5606598806367717,0.4393401193632282,84.11000061035156,0.9038026262869424,0.0673857532100095,14.474274,30681.899008,True
496,TSLA,72.24400329589844,180.1999969482422,0.4009101249688071,0.5990898750311928,1017.030029296875,13.07770863875446,4.643895929637505,1019.0681,979735.543808,True
501,TSCO,67.36000061035156,99.77999877929688,0.675085201788236,0.324914798211764,234.3099975585937,2.478473803971226,1.3482661898690078,32.452908,27005.632512,True
507,TRV,81.69000244140625,135.16000366210938,0.604394793045623,0.3956052069543769,154.25,0.8882359577677675,0.1412399809163537,13.944133,38788.476928,True
522,TROW,85.41999816894531,137.74000549316406,0.6201538751440274,0.3798461248559726,196.1699981689453,1.2965347971672456,0.4242049538663703,16.658457,44502.339584,True
528,TRMB,21.31999969482422,46.130001068115234,0.4621721049462639,0.5378278950537361,86.08999633789062,3.037992381340905,0.8662474386413029,49.194283,21605.574656,True
543,TPR,10.579999923706056,28.809999465942383,0.3672336036039555,0.6327663963960444,43.22999954223633,3.0860113283529533,0.5005206644776403,35.727272,12055.030784,True
564,TMUS,74.31999969482422,99.5,0.7469346702997409,0.2530653297002591,114.7699966430664,0.5442679913124273,0.153467302945391,43.358517,143096.38144,True
568,TMO,255.3000030517578,336.0599975585937,0.759685784998094,0.2403142150019059,642.510009765625,1.5166862596369293,0.9118907767461976,32.330803,252524.429312,True
583,TJX,36.7599983215332,63.9900016784668,0.5744647188203351,0.4255352811796649,74.7300033569336,1.032916397418832,0.1678387466284581,60.46117,90161.004544,True
607,TGT,91.04000091552734,118.26000213623048,0.7698291837560863,0.2301708162439136,238.17999267578125,1.6162125470185318,1.014036769603708,19.44644,117833.35936,True
617,TFX,225.3099975585937,384.3599853515625,0.5861952496238896,0.4138047503761104,321.2900085449219,0.4259909104182905,-0.1640909023059526,54.52987,15014.749184,True
621,TFC,25.690000534057617,55.310001373291016,0.4644729686530657,0.5355270313469342,59.38999938964844,1.3117944007402502,0.0737660082273589,14.013686,79279.112192,True
625,TER,44.290000915527344,67.88999938964844,0.6523788674872265,0.3476211325127735,159.75999450683594,2.607134594816112,1.3532183818401304,36.325603,26562.656256,True
630,TEL,53.08000183105469,92.91999816894533,0.5712441118923147,0.4287558881076853,160.36000061035156,2.0211001333562923,0.7257856626168689,49.509106,52954.877952,True
638,TECH,161.1699981689453,208.8699951171875,0.7716282948085489,0.2283717051914511,466.0400085449219,1.8916052233021603,1.231244407716139,101.46745,18125.088768,True
642,TDY,201.17999267578125,392.1499938964844,0.5130179671222604,0.4869820328777395,435.3699951171875,1.1640819712068655,0.1102129335544803,40.772614,20262.293504,True
646,TDG,245.7899932861328,634.3200073242188,0.387485796519268,0.612514203480732,605.3099975585938,1.4627121286175837,-0.0457340292449535,222.86818,33226.737664,True
678,TAP,34.560001373291016,55.40999984741211,0.623714157525036,0.376285842474964,46.22999954223633,0.3376735447112635,-0.1656740720168857,TAP,10034.729984,True
693,SYY,31.239999771118164,77.04000091552734,0.4055036266857282,0.5944963733142717,73.66999816894531,1.3581945809440852,-0.0437435449965423,SYY,37688.246272,True
700,SYK,126.5,224.47000122070312,0.5635496917720547,0.4364503082279453,260.20001220703125,1.0569170925457017,0.1591749935048011,70.51491,98067.0464,True
701,SYF,12.800000190734863,33.63999938964844,0.3804994180432008,0.6195005819567991,47.869998931884766,2.739843610825485,0.42300831749168,13.454187,27841.142784,True
714,SWK,72.02999877929688,162.0500030517578,0.4444924247011024,0.5555075752988976,194.5599975585937,1.701096777118298,0.2006170558136454,19.764324,31420.469248,True
715,SWKS,67.9000015258789,117.5,0.5778723534117354,0.4221276465882646,162.47999572753906,1.3929306638618062,0.3828084742769282,22.491693,26824.308736,True
742,STZ,105.63999938964844,208.33999633789065,0.507055780198436,0.492944219801564,235.32000732421875,1.2275653983700945,0.129499911013588,22.791285,45353.930752,True
743,STX,40.72999954223633,54.75,0.7439269322782891,0.2560730677217109,103.91000366210938,1.551190887059953,0.8978996102668378,26.259794,23782.193152,True
747,STT,43.209999084472656,77.88999938964844,0.5547567007712065,0.4452432992287934,93.51000213623048,1.1640824836266412,0.200539258813474,15.405272,32519.786496,True
773,STE,107.76000213623048,168.27999877929688,0.6403613199306011,0.3596386800693989,229.7899932861328,1.1324238003970313,0.3655217194736715,49.63067,22904.731648,True
808,SRE,88.62000274658203,159.88999938964844,0.5542560703288079,0.4457439296711921,126.79000091552734,0.4307153801167929,-0.2070173156574797,9.64696,38780.6208,True
840,SPG,44.91999816894531,142.25,0.3157820609416191,0.6842179390583809,152.4199981689453,2.393143463534652,0.0714938359855558,42.88689,50075.91424,True
841,SPGI,192.0500030517578,303.4100036621094,0.6329718886448882,0.3670281113551118,473.6700134277344,1.4663889919339366,0.5611548983573856,46.630245,114107.10528,True
847,SO,43.22999954223633,69.80999755859375,0.6192522712230726,0.3807477287769274,65.08000183105469,0.5054360980844007,-0.0677552770800346,23.234558,68971.782144,True
871,SNPS,108.4800033569336,155.0800018310547,0.6995099437457611,0.3004900562542388,362.3399963378906,2.3401547301365504,1.3364714473799564,70.52161,55284.027392,True
885,SNA,95.56999969482422,160.07000732421875,0.5970512608351982,0.4029487391648018,217.4499969482422,1.2752955701852808,0.3584680889518631,17.45885,11759.695872,True
924,SLB,12.050000190734863,33.83000183105469,0.3561927147066663,0.6438072852933336,30.989999771118164,1.5717841726630093,-0.0839492138995247,SLB,43334.2464,True
934,SJM,95.79000091552734,118.86000061035156,0.8059061115904533,0.1940938884095466,132.8800048828125,0.3872012069400967,0.1179539306786772,17.057768,14396.750848,True
939,SIVB,130.97999572753906,270.7900085449219,0.4836958218338788,0.5163041781661212,703.9199829101562,4.374255656370847,1.599505006453669,21.59595,41311.232,True
965,SHW,396.7000122070313,584.0800170898438,0.6791877835224939,0.3208122164775061,346.4599914550781,-0.1266448681774522,-0.4068278637894483,47.466778,90840.424448,True
1009,SEE,17.549999237060547,34.970001220703125,0.5018586967240511,0.4981413032759488,65.0999984741211,2.709401783713394,0.8615955448002743,20.211115,9974.882304,True
1037,SCHW,28.43000030517578,48.58000183105469,0.5852202394731477,0.4147797605268523,80.80999755859375,1.842419862509885,0.663441632621267,34.861946,152435.933184,True
1044,SBUX,56.33000183105469,88.5999984741211,0.6357788126543585,0.3642211873456414,116.7300033569336,1.0722527882571526,0.3174944172378164,137.49118,137542.959104,True
1059,SBAC,215.4600067138672,303.239990234375,0.710526360811902,0.289473639188098,358.92999267578125,0.6658775712025456,0.183649928224715,290.63156,39247.200256,True
1112,RTX,47.16667938232422,95.35283660888672,0.4946541818759943,0.5053458181240057,86.16000366210938,0.8267133660971258,-0.0964085943712825,RTX,130540.167168,True
1116,RSG,66.26000213623047,99.43000030517578,0.6663984907257547,0.3336015092742452,135.49000549316406,1.044823439857379,0.3626672541216033,35.749344,42963.206144,True
1129,ROST,59.970001220703125,123.80999755859376,0.4843712333676607,0.5156287666323393,112.86000061035156,0.8819409423555173,-0.0884419446261603,46.23515,40304.676864,True
1130,ROP,254.3000030517578,387.25,0.6566817380290711,0.3433182619709288,473.4200134277344,0.861659487795519,0.2225177880638718,50.198284,49822.24896,True
1131,ROL,21.04666519165039,27.14666557312012,0.7752946723773773,0.2247053276226227,31.90999984741211,0.5161546761370732,0.1754666429091207,50.650795,15703.676928,True
1133,ROK,120.68000030517578,209.3699951171875,0.5763958691293344,0.4236041308706656,350.6400146484375,1.90553541400181,0.6747386102396338,25.843163,40701.239296,True
1155,RMD,114.33999633789062,176.0,0.6496590701016512,0.3503409298983487,261.3800048828125,1.2859892710718492,0.4851136641068892,83.534676,38035.49696,True
1161,RL,65.4000015258789,121.86000061035156,0.5366814475489459,0.4633185524510541,122.9000015258789,0.8792048724532084,0.0085343911892201,RL,9032.511488,True
1168,RJF,55.09999847412109,101.26000213623048,0.5441437617193817,0.4558562382806183,97.5999984741211,0.7713248852440723,-0.0361446137161382,13.035929,13411.996672,True
1185,RHI,34.16999816894531,59.2599983215332,0.576611527788873,0.4233884722111269,109.5500030517578,2.2060289412400387,0.8486332459437618,37.932827,12355.15904,True
1197,RF,7.360000133514404,16.540000915527344,0.4449818455937943,0.5550181544062057,22.229999542236328,2.0203803177951154,0.3440144082076413,14.615384,21369.36448,True
1202,RE,171.9600067138672,289.8500061035156,0.593272392937105,0.406727607062895,269.9700012207031,0.5699580756002158,-0.0685872156777276,12.888242,10821.342208,True
1221,REG,34.880001068115234,64.05999755859375,0.5444895784801045,0.4555104215198955,73.2699966430664,1.1006305733758857,0.1437714554398561,37.76804,12544.775168,True
1222,REGN,399.1400146484375,494.4299926757813,0.8072730630444794,0.1927269369555205,669.52001953125,0.6774064111837126,0.3541250115267231,19.05944,71333.339136,True
1245,RCL,22.32999992370605,109.8000030517578,0.2033697568585684,0.7966302431414316,75.5,2.38110166851579,-0.3123861757598438,RCL,19220.11136,True
1284,QRVO,69.36000061035156,102.37999725341795,0.6774760936813365,0.3225239063186634,159.22999572753906,1.2957034937478784,0.5552842351949093,25.194618,17927.227392,True
1300,QCOM,60.90999984741211,89.47000122070312,0.6807868449354363,0.3192131550645637,183.8800048828125,2.0188804029462664,1.0552140647592072,26.332523,207416.639488,True
1310,PYPL,85.26000213623047,122.43000030517578,0.6963979573936673,0.3036020426063327,188.509994506836,1.21100152221003,0.5397369438613537,42.960346,221448.339456,True
1314,PXD,56.77000045776367,142.52999877929688,0.3983021184590775,0.6016978815409225,184.25,2.2455522021191494,0.2927103176735812,PXD,44948.156416,True
1316,PWR,23.799999237060547,40.2400016784668,0.5914512486165324,0.4085487513834676,114.36000061035156,3.805042196483522,1.8419482067653048,33.263527,15935.608832,True
1320,PVH,29.049999237060547,86.87999725341797,0.3343692467245984,0.6656307532754016,101.69000244140624,2.500516527094265,0.1704650743115167,119.35446,7256.567808,True
1340,PTC,48.45000076293945,88.62000274658203,0.5467163085233385,0.4532836914766615,120.56999969482422,1.488544846155112,0.3605280518847023,64.098885,14089.207808,True
1342,PSX,42.09000015258789,90.19000244140624,0.4666814393306233,0.5333185606693767,72.5199966430664,0.7229744922822847,-0.1959197840117535,PSX,31754.113024,True
1356,PSA,160.61000061035156,229.88999938964844,0.6986384837825336,0.3013615162174664,348.0,1.1667392981603093,0.5137674580187496,51.87062,60892.34432,True
1358,PRU,39.220001220703125,93.77999877929688,0.4182128570187339,0.5817871429812661,107.04000091552734,1.7292197242213232,0.1413947782984806,15.907267,42173.759488,True
1388,PPL,18.59000015258789,35.619998931884766,0.5218978301525804,0.4781021698474196,28.729999542236328,0.5454545081451686,-0.1934306455995131,PPL,22105.665536,True
1390,PPG,72.5,119.36000061035156,0.6074061631138463,0.3925938368861537,163.3699951171875,1.2533792429956896,0.3687164400283955,32.582767,38733.55776,True
1400,POOL,167.77999877929688,232.3699951171875,0.722038138765218,0.2779618612347819,562.6699829101562,2.35361775541738,1.421439922251553,52.862644,22566.443008,True
1405,PNW,62.90999984741211,103.5999984741211,0.6072393897102885,0.3927606102897115,66.27999877929688,0.053568573200742,-0.360231662591642,13.477022,7473.136128,True
1407,PNR,22.850000381469727,44.560001373291016,0.5127917342292964,0.4872082657707036,75.22000122070312,2.2919037183781845,0.6880610166630183,30.379644,12501.714944,True
1415,PNC,80.63999938964844,154.47999572753906,0.5220093320812592,0.4779906679187408,201.5599975585937,1.4995039568969477,0.3047643910742401,10.536881,85634.37568,True
1417,PM,59.97999954223633,89.63999938964844,0.6691209276063736,0.3308790723936263,90.04000091552734,0.5011670824059203,0.0044623106716029,16.255642,140330.942464,True
1443,PLD,62.81999969482422,99.2300033569336,0.6330746505052369,0.3669253494947631,159.0800018310547,1.5323145909559976,0.6031441746387801,87.647385,117683.085312,True
1454,PKI,66.70999908447266,93.3000030517578,0.7150053258569087,0.2849946741430913,187.77999877929688,1.8148703546153149,1.0126472951466752,19.634045,21048.446976,True
1455,PKG,76.22000122070312,102.36000061035156,0.7446268148321511,0.2553731851678489,128.1699981689453,0.681579586935658,0.2521492517066633,25.126446,12175.392768,True
1469,PH,97.55999755859376,215.27999877929688,0.4531772487541278,0.5468227512458721,318.92999267578125,2.2690651973851725,0.4814659721488823,27.062366,41159.827456,True
1474,PHM,17.739999771118164,46.66999816894531,0.3801157160302298,0.6198842839697701,56.220001220703125,2.1691094670831297,0.2046283142584839,10.087924,14783.9488,True
1484,PG,97.6999969482422,126.6999969482422,0.77111285952243,0.2288871404775699,155.4600067138672,0.5911976619223854,0.2269929791503755,28.58246,380601.827328,True
1487,PGR,66.55000305175781,81.45999908447266,0.8169654284275963,0.1830345715724036,95.05999755859376,0.4283995972872146,0.1669530889635554,8.64339,55638.614016,True
1506,PFG,24.15999984741211,55.97999954223633,0.4315827089134511,0.5684172910865488,71.98999786376953,1.9797184734453015,0.2859949705689766,12.2431965,19582.142464,True
1508,PFE,26.988597869873047,34.481746673583984,0.7826923074795588,0.2173076925204412,52.77999877929688,0.9556406388274944,0.5306648842046899,26.737589,295446.052864,True
1517,PEP,103.93000030517578,145.85000610351562,0.7125813915387325,0.2874186084612675,168.97000122070312,0.6258058378191721,0.1585189862849804,31.279156,233454.010368,True
1520,PENN,4.519999980926514,38.16999816894531,0.1184176106302236,0.8815823893697764,48.959999084472656,9.831858250237602,0.2826827726784113,234.25836,7655.287296,True
1522,PEG,36.86000061035156,59.959999084472656,0.6147431816738785,0.3852568183261214,63.79999923706055,0.7308735263325877,0.0640426986527807,16.968084,32224.93184,True
1528,PEAK,19.950000762939453,37.290000915527344,0.5349959847984983,0.4650040152015017,33.790000915527344,0.6937343169579253,-0.0938589411120829,PEAK,18210.58048,True
1558,PCAR,49.90999984741211,75.54000091552734,0.6607095478225371,0.3392904521774629,89.13999938964844,0.7860148199193082,0.1800370440732361,21.950258,30945.4848,True
1575,PBCT,10.699999809265137,16.350000381469727,0.6544342238298649,0.345565776170135,17.639999389648438,0.6485981031863151,0.0788990200661237,34.11992,7446.372864,True
1578,PAYX,50.38999938964844,90.2300033569336,0.5584616814244671,0.4415383185755329,124.25,1.4657670471320652,0.3770364111424161,42.55137,44774.731776,True
1580,PAYC,178.94000244140625,310.3299865722656,0.5766120265008197,0.4233879734991803,419.7200012207031,1.34559067561285,0.3524957928065523,168.56226,25260.1344,True
1601,O,42.5,82.44000244140625,0.5155264282070664,0.4844735717929336,66.94000244140625,0.5750588809742647,-0.1880155208755183,69.29607,25006.708736,True
1604,OXY,9.6899995803833,42.970001220703125,0.2255061509217416,0.7744938490782584,30.770000457763672,2.17543878124157,-0.2839190229545872,OXY,28721.303552,True
1639,ORLY,260.9200134277344,395.1799926757813,0.6602561320501915,0.3397438679498085,682.3699951171875,1.6152458991275496,0.7267321417180812,25.609682,47585.071104,True
1645,ORCL,39.79999923706055,55.5099983215332,0.7169879380382093,0.2830120619617907,102.62999725341795,1.578643196501673,0.8488560683959913,22.556042,286542.954496,True
1682,OMC,48.29999923706055,78.77999877929688,0.613099771331218,0.386900228668782,70.91000366210938,0.4681160410391931,-0.0998983909511776,15.722838,15251.393536,True
1691,OKE,15.369999885559082,77.5199966430664,0.1982714209383781,0.8017285790616219,62.0,3.0338321705683446,-0.200206363714472,23.965984,27623.292928,True
1714,ODFL,107.32666778564452,150.47999572753906,0.7132288067044573,0.2867711932955427,356.2900085449219,2.319678285889888,1.3676901824879433,56.788334,41317.1712,True
1749,NXPI,64.55999755859375,134.8000030517578,0.4789317217879089,0.521068278212091,226.4600067138672,2.5077449702245613,0.6799703381825266,NXPI,0.0,True
1755,NWS,8.140000343322754,14.979999542236328,0.5433912277748677,0.4566087722251323,21.56999969482422,1.649877000621763,0.4399199168202434,NWS,13261.063168,True
1756,NWSA,8.229999542236328,14.545000076293944,0.5658301477529677,0.4341698522470323,21.86000061035156,1.65613630938448,0.5029220003910425,NWSA,12581.348352,True
1759,NWL,10.550000190734863,19.88999938964844,0.5304173209892359,0.4695826790107641,22.32999992370605,1.116587632227393,0.122674741525004,15.881934,9496.948736,True
1769,NVR,2175.0,4037.77001953125,0.5386636657063739,0.4613363342936261,5935.72021484375,1.7290667654454024,0.4700491078322572,23.902935,21588.867072,True
1780,NVDA,196.3999938964844,308.70001220703125,0.6362163463886349,0.3637836536113651,301.9800109863281,0.5375764784671596,-0.0217687105765202,35.695038,188133.53984,True
1791,NUE,28.420000076293945,48.56999969482422,0.5851348621548885,0.4148651378451115,113.20999908447266,2.983462307549564,1.330862668227208,21.019308,33877.184512,True
1797,NTRS,62.220001220703125,102.6999969482422,0.605842288895687,0.3941577111043129,118.3499984741211,0.9021214424975168,0.1523856084802615,18.667192,24576.677888,True
1811,NTAP,35.349998474121094,53.709999084472656,0.6581641980392555,0.3418358019607445,89.31999969482422,1.526732773700494,0.6630050496620893,27.65325,19974.899712,True
1822,NSC,118.87999725341795,210.8099975585937,0.5639201111435703,0.4360798888564297,289.5299987792969,1.4354812034702709,0.3734168309490316,32.056023,72452.276224,True
1832,NRG,21.989999771118164,39.369998931884766,0.5585471264341086,0.4414528735658913,38.86000061035156,0.7671669401920862,-0.0129539836263538,31.088001,9511.140352,True
1843,NOW,254.6999969482422,352.94000244140625,0.7216523918694269,0.2783476081305731,647.0,1.5402434540722725,0.8331727645619101,851.3158,127748.857856,True
1854,NOC,269.8599853515625,365.010009765625,0.7393221504386719,0.2606778495613281,371.05999755859375,0.3750093296536425,0.0165748544727676,13.664518,59726.184448,True
1884,NLSN,11.9399995803833,22.25,0.5366291946239685,0.4633708053760315,20.68000030517578,0.7319933862603961,-0.0705617840370435,9.473202,7422.610432,True
1885,NLOK,16.579999923706055,20.790000915527344,0.7974987587096746,0.2025012412903254,24.31999969482422,0.4668274913591239,0.1697931036001272,NLOK,14104.262656,True
1890,NKE,62.79999923706055,102.52999877929688,0.6125036573173284,0.3874963426826716,169.05999755859375,1.6920382103894254,0.6488832495015184,79.036934,267109.728256,True
1892,NI,20.86000061035156,30.049999237060547,0.6941764106477913,0.3058235893522086,25.93000030517578,0.2430488756701324,-0.1371047932275348,67.702354,10170.186752,True
1917,NFLX,298.8399963378906,386.0,0.7741968817043798,0.2258031182956201,611.6599731445312,1.0467808213092842,0.5846113293899773,74.023964,271211.872256,True
1946,NEM,39.5,52.34999847412109,0.754536793721715,0.245463206278285,56.09999847412109,0.4202531259271161,0.0716332399102894,17.60276,44945.186816,True
1947,NEE,45.415000915527344,70.55500030517578,0.6436822439102985,0.3563177560897015,90.27999877929688,0.9878893968805412,0.2795691076295567,42.78673,177079.697408,True
1953,NDAQ,72.86000061035156,116.37000274658205,0.626106375274547,0.3738936247254529,205.77999877929688,1.8243205744642927,0.7683251174911648,33.460163,33767.05536,True
1962,NCLH,7.769999980926514,48.5099983215332,0.1601731653220336,0.8398268346779663,21.540000915527344,1.7722008968343474,-0.555967807445462,NCLH,7968.356864,True
2016,MU,34.470001220703125,59.0,0.5842373088254766,0.4157626911745233,85.54000091552734,1.4815781226068223,0.4498305239919888,30.41963,95926.272,True
2044,MTD,589.4099731445312,773.8900146484375,0.761619819338654,0.238380180661346,1588.3699951171875,1.6948475042645703,1.0524492693432046,58.335903,36960.415744,True
2047,MTCH,47.34999847412109,75.1500015258789,0.6300731538616866,0.3699268461383134,130.33999633789062,1.752692725198868,0.734397786978172,70.03761,36037.443584,True
2048,MTB,88.0999984741211,169.52999877929688,0.5196720291894436,0.4803279708105564,152.2100067138672,0.7276959063577971,-0.1021647625207487,13.4200325,19582.427136,True
2052,MS,27.809999465942383,53.75,0.5173953389012537,0.4826046610987463,98.43000030517578,2.539374404725122,0.8312558196311773,12.875082,183137.861632,True
2058,MSI,124.55999755859376,185.6000061035156,0.6711206544310258,0.3288793455689742,264.9200134277344,1.126846649166916,0.4273707150633349,46.129204,44948.447232,True
2060,MSFT,135.4199981689453,184.4199981689453,0.7343021337896795,0.2656978662103205,342.5400085449219,1.529463987420682,0.8573908033071577,46.680298,2579864.223744,True
2064,MSCI,224.6499938964844,321.7099914550781,0.6982997104951691,0.3017002895048308,628.1400146484375,1.7960829366319755,0.952503905170591,81.08171,51772.932096,True
2073,MRO,3.3499999046325684,10.25,0.3268292589885432,0.6731707410114567,16.219999313354492,3.841790977642885,0.5824389574004383,MRO,12783.84128,True
2075,MRNA,18.229999542236328,31.57999992370605,0.5772640780962028,0.4227359219037971,257.0599975585937,13.100932748957128,7.139961943623291,172.29222,103216.78336,True
2077,MRK,66.4000015258789,82.97000122070312,0.8002892677951464,0.1997107322048535,72.62000274658203,0.0936747150266092,-0.1247438631052895,26.226074,183878.189056,True
2090,MPWR,135.22000122070312,184.0599975585937,0.7346517603731747,0.2653482396268253,503.4100036621094,2.7228960147726564,1.7350321109390086,136.83339,23033.020416,True
2093,MPC,16.6200008392334,60.2599983215332,0.2758048672778412,0.7241951327221587,63.68999862670898,2.832129687765208,0.0569200199255582,4.4707284,39206.797312,True
2097,MO,31.3799991607666,45.88999938964844,0.683809099545229,0.316190900454771,45.09000015258789,0.436902528951067,-0.0174329755437086,19.343628,83835.838464,True
2100,MOS,7.010000228881836,19.40999984741211,0.3611540589381541,0.6388459410618459,36.7400016784668,4.241084233791415,0.892838844270535,13.652918,13953.337344,True
2116,MNST,50.970001220703125,70.4000015258789,0.7240056834653142,0.2759943165346857,89.55000305175781,0.7569158506393004,0.2720170612331507,33.019913,47332.728832,True
2133,MMM,117.87000274658205,158.55999755859375,0.7433779298780876,0.2566220701219124,177.10000610351562,0.5025027740457154,0.1169274018061879,17.515577,102054.412288,True
2137,MMC,76.69000244140625,117.08000183105467,0.6550222176462654,0.3449777823537345,171.8000030517578,1.240187737417518,0.4673727397071925,39.268574,87365.79584,True
2142,MLM,144.1199951171875,258.0799865722656,0.5584315042454178,0.4415684957545822,439.3699951171875,2.048640091612028,0.7024566722617928,38.073658,27399.15776,True
2148,MKTX,281.3099975585937,377.5299987792969,0.7451328330680467,0.2548671669319533,385.8399963378906,0.3715829500781412,0.0220114893795545,48.23,14655.245312,True
2152,MKC,56.915000915527344,81.91500091552734,0.6948055945725914,0.3051944054274086,90.51000213623048,0.5902661983712254,0.1049258514880138,32.095745,24190.427136,True
2172,MHK,58.65999984741211,135.0,0.4345185173882378,0.5654814826117622,178.3800048828125,2.04091383134707,0.3213333695023148,3.5750835,12434.512896,True
2189,MGM,7.139999866485596,32.34000015258789,0.2207792156090711,0.7792207843909289,41.40999984741211,4.799719975036171,0.2804576268407477,MGM,20313.096192,True
2206,MET,23.530000686645508,52.27999877929688,0.4500765347370952,0.5499234652629048,60.630001068115234,1.576710552436401,0.1597169564610814,10.674296,53203.795968,True
2224,MDT,72.91999816894531,113.86000061035156,0.6404356031798212,0.3595643968201788,112.43000030517578,0.5418267022537684,-0.0125592859433532,42.266914,152757.518336,True
2230,MDLZ,41.93000030517578,59.040000915527344,0.7101964711207909,0.2898035288792091,62.2599983215332,0.484855661063468,0.0545392506110041,23.583332,87457.243136,True
2246,MCO,165.08999633789062,278.8699951171875,0.5919962678972188,0.4080037321027812,397.75,1.4092919548312477,0.4262918455348931,37.117397,74458.800128,True
2248,MCK,115.75,170.9600067138672,0.6770589345713397,0.3229410654286603,233.08999633789065,1.0137364694418198,0.3634182685077297,MCK,37100.2368,True
2251,MCHP,55.77000045776367,108.12999725341795,0.5157680743028115,0.4842319256971885,87.12999725341797,0.5623094233144965,-0.1942106772719462,67.54263,23832.756224,True
2254,MCD,137.10000610351562,215.8699951171875,0.6351045036578118,0.3648954963421882,264.9700012207031,0.9326768010545592,0.2274517404647233,38.451607,197713.723392,True
2272,MA,203.3000030517578,344.45001220703125,0.5902162747770919,0.409783725222908,349.9200134277344,0.7212002369653129,0.0158803920071147,53.68518,346787.18464,True
2279,MAS,27.530000686645508,45.400001525878906,0.6063876599421006,0.3936123400578993,68.70999908447266,1.4958226433246369,0.5134360523161345,37.711304,16771.218432,True
2281,MAR,63.810001373291016,146.83999633789062,0.4345546374603489,0.5654453625396512,160.80999755859375,1.5201378169207198,0.0951375753820984,112.612045,52373.082112,True
2293,MAA,84.66999816894531,147.77000427246094,0.5729850153677284,0.4270149846322716,216.47000122070312,1.5566316983823736,0.4649116529872458,58.081566,24923.922432,True
2294,L,29.739999771118164,53.88999938964844,0.5518649120050061,0.4481350879949939,57.09999847412109,0.919973063670748,0.0595657658346392,L,15027.349504,True
2296,LYV,29.5,75.66000366210938,0.3899021751537878,0.6100978248462121,111.87000274658205,2.7922034829349847,0.4785883866221207,LYV,24464.068608,True
2301,LYB,34.900001525878906,83.3499984741211,0.4187162827209268,0.5812837172790732,89.91000366210938,1.5762177573384826,0.078704322832412,12.835118,30061.768704,True
2307,LW,45.0099983215332,95.31999969482422,0.4721988928413436,0.5278011071586564,57.04999923706055,0.2674961422908406,-0.401489724929591,33.36257,8345.388032,True
2309,LVS,37.68000030517578,67.44000244140625,0.558718845508839,0.441281154491161,37.65999984741211,-0.000530797707051,-0.4415777211732433,LVS,28770.922496,True
2310,LUV,30.86000061035156,56.93999862670898,0.5419740315180828,0.4580259684819172,41.970001220703125,0.3600129744205148,-0.2629082853364144,LUV,24820.094976,True
2313,LUMN,8.6899995803833,13.369999885559082,0.6499625770206144,0.3500374229793855,12.130000114440918,0.3958573878211723,-0.0927449350584876,LUMN,13407.410176,True
2331,LRCX,187.88999938964844,328.489990234375,0.5719808973649103,0.4280191026350897,705.9600219726562,2.757304935153192,1.1491066484825287,29.847794,100683.317248,True
2344,LOW,65.0199966430664,126.56999969482422,0.5137078043757414,0.4862921956242586,261.3800048828125,3.0199941306931075,1.0651023584817234,28.510035,184766.906368,True
2357,LNT,39.9900016784668,59.56999969482422,0.6713110942308995,0.3286889057691005,58.88999938964844,0.472618077467064,-0.0114151470313816,24.01713,14730.450944,True
2363,LNC,17.059999465942383,61.02999877929688,0.2795346519280879,0.7204653480719121,67.47000122070312,2.954865377070873,0.1055219166019527,19.35456,12844.466176,True
2364,LMT,276.79998779296875,427.7999877929688,0.6470313129763913,0.3529686870236087,344.8800048828125,0.2459538298128968,-0.1938288575881982,13.915991,95853.887488,True
2377,LLY,119.0500030517578,143.1999969482422,0.8313547876316429,0.168645212368357,244.13999938964844,1.0507349276043858,0.7048883002273367,36.547905,234136.3712,True
2379,LKQ,13.899999618530272,34.02000045776367,0.4085831696500805,0.5914168303499194,57.970001220703125,3.1705037993974154,0.7039976613954997,23.253109,17516.21632,True
2390,LIN,150.0,221.1999969482422,0.6781193583610129,0.3218806416389871,334.0,1.2266666666666666,0.5099457712838553,60.793594,173690.028032,True
2398,LH,104.31999969482422,191.22999572753903,0.5455211108379536,0.4544788891620464,288.3900146484375,1.764474841756981,0.5080793865588444,10.72321,28175.704064,True
2399,LHX,150.22000122070312,223.8000030517578,0.6712243037188969,0.3287756962811031,216.8000030517578,0.4432166242179388,-0.0312779262937772,29.492588,44440.530944,True
2416,LEN,29.350000381469727,71.02999877929688,0.4132057002093652,0.5867942997906348,116.91000366210938,2.98330501337646,0.6459243371996953,10.836038,35822.51008,True
2418,LEG,22.46999931335449,45.18999862670898,0.4972339012215389,0.5027660987784611,41.810001373291016,0.8607032777451967,-0.0747952501910512,19.629108,5570.471936,True
2425,LDOS,70.83000183105469,119.2699966430664,0.593862696609477,0.406137303390523,88.0999984741211,0.2438231850432418,-0.2613398092248318,20.20642,12452.5824,True
2454,K,53.560001373291016,69.22000122070312,0.7737648140530755,0.2262351859469245,62.619998931884766,0.1691560367119732,-0.0953481966545292,16.97019,21321.859072,True
2471,KSU,100.54000091552734,175.97000122070312,0.57134738999876,0.42865261000124,298.6400146484375,1.9703601743484336,0.6971075329702394,44.969135,27156.441088,True
2475,KR,27.940000534057617,34.18000030517578,0.817437106044342,0.1825628939556579,44.59999847412109,0.5962776528853561,0.3048565850178601,23.120787,33360.799744,True
2490,KO,37.560001373291016,60.130001068115234,0.6246466107782547,0.3753533892217453,56.27999877929688,0.4984024686249796,-0.0640279763916363,33.7006,242661.343232,True
2505,KMX,44.27000045776367,101.9000015258789,0.4344455328248517,0.5655544671751482,149.47999572753906,2.3765528389852237,0.4669282972442013,33.070797,24387.811328,True
2509,KMI,9.979999542236328,22.239999771118164,0.4487409912295409,0.5512590087704591,16.15999984741211,0.6192385359359406,-0.2733812943470354,20.124533,36595.613696,True
2512,KMB,112.33999633789062,148.25,0.757774005651876,0.2422259943481239,136.07000732421875,0.2112338593545453,-0.0821584666157251,20.40642,45914.374144,True
2518,KLAC,114.0199966430664,167.3000030517578,0.6815301527985741,0.3184698472014259,410.6900024414063,2.6019120727309764,1.454811685295371,34.485683,62951.38304,True
2524,KIM,9.40999984741211,19.06999969482422,0.4934452017828859,0.5065547982171141,22.959999084472656,1.439957434301872,0.2039852885107397,9.720575,9952.218112,True
2526,KHC,20.059999465942383,27.420000076293945,0.731582764774874,0.2684172352251259,34.150001525878906,0.7023929429239694,0.2454413359175519,77.26244,41770.573824,True
2534,KEY,8.15999984741211,20.020000457763672,0.4075923906509051,0.5924076093490949,23.01000022888184,1.819853021955547,0.1493506345030406,13.014706,22331.641856,True
2535,KEYS,81.16999816894531,98.5999984741211,0.8232251462990589,0.1767748537009411,201.8500061035156,1.486756322002001,1.0471603369902067,42.22803,36716.515328,True
2556,J,63.0099983215332,103.86000061035156,0.6066820522938943,0.3933179477061057,143.44000244140625,1.276464152711883,0.3810899441407264,44.8811,18496.444416,True
2575,JPM,79.02999877929688,137.49000549316406,0.5748054085518689,0.4251945914481311,159.82000732421875,1.022270147954071,0.1624118185969883,12.677084,483791.142912,True
2583,JNPR,17.280000686645508,24.31999969482422,0.7105263529391835,0.2894736470608164,34.0,0.9675925144074908,0.3980263333323922,55.10535,11143.159808,True
2584,JNJ,111.13999938964844,149.92999267578125,0.74127929579764,0.25872070420236,165.49000549316406,0.4890229116608919,0.1037818553825373,24.733225,435669.008384,True
2594,JKHY,129.61000061035156,174.4600067138672,0.7429209883209831,0.2570790116790169,158.25,0.2209705983703316,-0.092915316347851,40.807117,11739.871232,True
2617,JCI,23.5,42.45000076293945,0.5535924517701408,0.4464075482298592,79.31999969482422,2.3753191359499666,0.8685511959772153,55.083332,56849.833984,True
2623,JBHT,75.37999725341797,109.95999908447266,0.6855219887325581,0.3144780112674419,198.5599975585937,1.6341205199445716,0.8057475373936428,38.69811,20982.034432,True
2632,IVZ,7.610000133514404,18.030000686645508,0.4220743119078743,0.5779256880921257,23.13999938964844,2.040735740297821,0.2834164452798837,15.134073,10677.976064,True
2637,IT,83.23999786376953,155.4600067138672,0.535443163957772,0.4645568360422279,321.989990234375,2.868212379838637,1.071207875521423,81.26956,27715.770368,True
2638,ITW,118.08999633789062,190.0,0.6215262965152138,0.3784737034847861,242.7700042724609,1.0558049945045611,0.2777368645918995,34.8357,76686.917632,True
2655,ISRG,367.75,618.2899780273438,0.5947856395364964,0.4052143604635035,344.9599914550781,-0.061971471230243,-0.4420741016122012,74.376884,123232.468992,True
2661,IR,19.21999931335449,38.650001525878906,0.4972832743741379,0.5027167256258621,59.59000015258789,2.100416351793697,0.5417851953430888,IR,24995.203072,True
2667,IRM,22.39999961853028,34.45000076293945,0.650217681348434,0.3497823186515659,48.41999816894531,1.1616070979255793,0.4055151551994876,40.723293,13979.482112,True
2675,IQV,84.0,164.13999938964844,0.511758257051008,0.488241742948992,270.32000732421875,2.2180953252883184,0.6468868546935465,128.72382,51809.800192,True
2677,IP,26.46999931335449,43.27000045776367,0.6117402133885381,0.3882597866114619,45.88999938964844,0.7336607699304429,0.0605500093405863,10.105703,17771.49952,True
2682,IPG,12.520000457763672,24.93000030517578,0.5022061895107303,0.4977938104892697,37.040000915527344,1.9584664186301035,0.4857601468956811,20.914738,14584.685568,True
2683,IPGP,105.36000061035156,140.8699951171875,0.7479236477768333,0.2520763522231667,166.92999267578125,0.5843772941225711,0.184993245274942,56.205383,8953.874432,True
2699,INTU,194.72000122070312,301.239990234375,0.6463949260827034,0.3536050739172965,677.9500122070312,2.481666022786312,1.250531251443618,85.94701,185255.952384,True
2702,INTC,44.61000061035156,65.44999694824219,0.6815890403421886,0.3184109596578114,50.59000015258789,0.1340506491911747,-0.2270435063183512,11.353232,204282.42944,True
2723,INFO,45.400001525878906,80.44000244140625,0.5643958248130211,0.4356041751869789,132.8000030517578,1.9251101010659477,0.6509199281600146,85.67742,52966.084608,True
2729,INCY,63.18000030517578,82.7699966430664,0.7633200781393089,0.2366799218606911,65.4000015258789,0.0351377209556812,-0.2098585939551632,29.986246,14382.964736,True
2750,ILMN,209.1999969482422,300.4599914550781,0.6962657355314468,0.3037342644685532,374.5199890136719,0.7902485395653769,0.2464887161845855,61.306267,58537.476096,True
2778,IFF,94.27999877929688,132.69000244140625,0.7105282767699804,0.2894717232300196,147.1199951171875,0.5604581780021604,0.1087496601874983,45.83177,36610.371584,True
2779,IEX,114.0,173.5800018310547,0.6567576840502406,0.3432423159497594,236.2899932861328,1.0727192393520422,0.3612742873232236,46.422394,17941.735424,True
2784,IDXX,182.94000244140625,281.45001220703125,0.6499910979106222,0.3500089020893778,607.9000244140625,2.3229475035607177,1.159886296138792,78.226746,51842.142208,True
2800,ICE,66.8499984741211,100.16999816894533,0.6673654756524285,0.3326345243475714,135.5399932861328,1.02752425399984,0.3530996881674385,25.002766,76363.776,True
2810,IBM,94.7699966430664,151.22000122070312,0.6267027898297074,0.3732972101702926,124.08999633789062,0.3093806134155787,-0.1794075166235232,20.757778,110877.270016,True
2831,HWM,9.19034481048584,25.8310775756836,0.3557863501264571,0.6442136498735429,30.86000061035156,2.35787190216644,0.1946849882639816,HWM,13395.586048,True
2843,HUM,214.42999267578125,372.3399963378906,0.5758983584486868,0.4241016415513132,461.1900024414063,1.150771898494288,0.238626005740426,16.38214,59499.966464,True
2863,HSY,111.43000030517578,160.9499969482422,0.6923268245914233,0.3076731754085767,186.509994506836,0.6737861796287979,0.1588070707874153,27.754465,38606.823424,True
2864,HST,9.3100004196167,17.3799991607666,0.5356732375817935,0.4643267624182065,16.6299991607666,0.7862511719898798,-0.043153051565908,HST,11742.210048,True
2869,HSIC,43.18000030517578,68.91999816894531,0.6265235265869794,0.3734764734130206,75.68000030517578,0.7526632647129551,0.0980847695274092,24.659498,10926.678016,True
2878,HRL,40.08000183105469,48.52999877929688,0.8258809569175798,0.1741190430824202,46.0,0.1477045383854846,-0.0521326775795467,28.395061,24935.450624,True
2888,HPQ,13.109999656677246,23.350000381469727,0.5614560789078693,0.4385439210921307,36.43000030517578,1.7787949091685205,0.5601712937909064,13.085489,43761.901568,True
2892,HPE,7.829999923706055,14.470000267028809,0.5411195424472389,0.4588804575527611,15.210000038146973,0.9425287594316928,0.0511402734942804,30.851927,19863.195648,True
2898,HON,103.86000061035156,180.6999969482422,0.5747648166264226,0.4252351833735773,209.8099975585937,1.0201232074485689,0.1610957448919575,32.12033,145724.801024,True
2901,HOLX,29.3799991607666,52.70000076293945,0.5574952321713756,0.4425047678286243,74.75,1.544247860286514,0.4184060515719556,10.265037,19153.416192,True
2922,HLT,56.68000030517578,112.0,0.5060714312962123,0.4939285687037876,146.1300048828125,1.5781581527173796,0.304732186453683,HLT,40702.17728,True
2937,HII,153.97000122070312,237.4199981689453,0.6485131935311526,0.3514868064688474,185.97000122070312,0.2078326930330452,-0.2167045629898074,11.207063,7482.000896,True
2939,HIG,26.25,58.08000183105469,0.4519627956685847,0.5480372043314152,68.1500015258789,1.5961905343191964,0.1733815319792209,14.537116,24342.566912,True
2958,HES,28.90999984741211,64.72000122070312,0.4466934379192218,0.5533065620807782,79.16000366210938,1.7381530293987677,0.2231149902510674,HES,24414.60736,True
2967,HD,152.14999389648438,247.0200042724609,0.6159419936235782,0.3840580063764218,415.3999938964844,1.7302005294795002,0.6816451571197522,30.281382,441678.200832,True
2978,HCA,68.12999725341797,148.11000061035156,0.4599959285170396,0.5400040714829604,243.5500030517578,2.574783691034705,0.6443859432050792,18.199821,80531.030016,True
2985,HBI,8.380000114440918,14.720000267028809,0.5692934757080951,0.4307065242919049,17.549999237060547,1.094271956729134,0.1922553613243219,HBI,6126.96832,True
2989,HBAN,7.0,14.140000343322754,0.4950494929305689,0.5049505070694311,15.270000457763672,1.1814286368233815,0.0799151405236373,17.118834,22087.44448,True
2993,HAS,44.72999954223633,98.87999725341795,0.4523665127902312,0.5476334872097688,100.81999969482422,1.253968270212587,0.0196197663358976,33.99191,13869.70624,True
2997,HAL,4.610000133514404,21.950000762939453,0.2100227778259563,0.7899772221740436,23.93000030517578,4.190889286793339,0.0902049873993341,HAL,21290.975232,True
3005,GWW,209.4900054931641,310.2900085449219,0.6751426076384133,0.3248573923615867,513.6699829101562,1.4520023363449572,0.655451251295416,36.453766,26767.394816,True
3026,GS,134.97000122070312,232.72999572753903,0.5799424384414753,0.4200575615585247,391.05999755859375,1.8973845596928751,0.6803162666509665,9.713846,132867.31776,True
3047,GRMN,63.630001068115234,99.80999755859376,0.6375112977110439,0.3624887022889561,136.11000061035156,1.1390853107899097,0.363691052396307,24.8921,26152.855552,True
3055,GPS,6.28000020980835,17.469999313354492,0.3594734090806612,0.6405265909193387,16.950000762939453,1.6990446173021267,-0.0297652301575959,14.751958,6400.353792,True
3060,GPN,116.06999969482422,208.47000122070312,0.5567707536584277,0.4432292463415723,125.8000030517578,0.0838287531878701,-0.3965558482509155,59.088776,37138.173952,True
3067,GPC,50.290000915527344,99.61000061035156,0.5048689951549018,0.4951310048450982,134.8300018310547,1.681049898120505,0.3535789680242511,369.39725,19479.160832,True
3073,GOOG,1056.6199951171875,1518.1500244140625,0.6959918177552941,0.3040081822447059,2973.5,1.8141621526575555,0.9586338320862834,39.625534,1954844.377088,True
3090,GNRC,79.01000213623047,118.08000183105467,0.6691226364416526,0.3308773635583474,348.239990234375,3.4075431061744985,1.949186863433711,48.87579,21923.274752,True
3098,GM,16.799999237060547,35.290000915527344,0.4760555058435453,0.5239444941564546,63.209999084472656,2.7625001163709784,0.7911588961353843,10.203389,91696.848896,True
3106,GL,58.150001525878906,111.16000366210938,0.5231198237689537,0.4768801762310463,91.91999816894533,0.5807393939282619,-0.1730838868236049,13.458272,9472.631808,True
3108,GLW,17.75,28.290000915527344,0.6274301670403155,0.3725698329596845,37.61000061035156,1.1188732738226232,0.3294450121317887,26.67376,32019.53792,True
3135,GIS,47.27999877929688,59.66999816894531,0.792357972685565,0.207642027314435,64.76000213623047,0.369712432492443,0.0853025661719259,15.722263,39501.725696,True
3139,GILD,67.0,80.22000122070312,0.8352031785148949,0.1647968214851051,70.25,0.0485074626865671,-0.1242832344675915,292.70834,88106.139648,True
3163,GE,48.880001068115234,100.23999786376952,0.4876297097945399,0.5123702902054601,96.9499969482422,0.9834286994621888,-0.032821238883091,GE,851089.16224,True
3177,GD,106.5999984741211,187.6000061035156,0.5682302505645996,0.4317697494354003,204.92999267578125,0.9224202214743126,0.0923773241388017,18.63,58664.28416,True
3210,F,4.010000228881836,8.029999732971191,0.4993773801033602,0.5006226198966397,21.450000762939453,4.349127066987887,1.6712330605523829,21.579477,85620.678656,True
3231,FTV,35.12732696533203,64.20917510986328,0.5470764404811059,0.452923559518894,75.16000366210938,1.1396448336728415,0.1705492794995262,16.052969,25443.616768,True
3234,FTNT,75.69999694824219,118.0,0.6415253978664592,0.3584746021335407,332.6300048828125,3.39405572380986,1.8188983464645128,100.12944,54385.004544,True
3257,FRT,66.66999816894531,129.0,0.5168216912321342,0.4831783087678658,130.30999755859375,0.9545522894478158,0.01015501983406,80.43827,10125.933568,True
3271,FRC,75.5999984741211,117.69000244140624,0.6423655102884351,0.3576344897115648,208.66000366210932,1.76005301420127,0.7729628628905324,32.59294,36788.219904,True
3281,FOX,19.809999465942383,36.540000915527344,0.5421455656703146,0.4578544343296854,34.2400016784668,0.7284201212288101,-0.0629446956604531,10.202622,20462.098432,True
3283,FOXA,20.200000762939453,37.02999877929688,0.5455036842786255,0.4544963157213745,36.81999969482422,0.8227721932752178,-0.0056710529677379,10.971395,20892.000256,True
3311,FMC,59.81999969482422,108.29000091552734,0.5524055701272677,0.4475944298727323,108.16999816894533,0.8082580862718473,-0.0011081609157582,26.788013,13940.624384,True
3320,FLT,171.72000122070312,317.3900146484375,0.5410378187571897,0.4589621812428103,222.8099975585937,0.2975191938895177,-0.2979930455424281,27.439655,18571.124736,True
3341,FITB,11.670000076293944,29.82999992370605,0.3912168993007517,0.6087831006992482,43.7599983215332,2.74978560715058,0.4669794982720369,12.095079,29866.461184,True
3345,FIS,102.4499969482422,156.77999877929688,0.6534634375936157,0.3465365624063843,104.5,0.0200097912427802,-0.3334608954353465,418,65011.539968,True
3346,FISV,77.0,121.83999633789062,0.6319763814376775,0.3680236185623224,103.19000244140624,0.3401299018364446,-0.1530695539809737,80.8699,68803.895296,True
3364,FFIV,90.5500030517578,133.36000061035156,0.6789892219356304,0.3210107780643696,229.4600067138672,1.534069563561575,0.7206059212934364,51.104683,13746.788352,True
3372,FE,33.189998626708984,51.790000915527344,0.6408572705152854,0.3591427294847146,39.619998931884766,0.1937330693349703,-0.234987483462157,16.053484,21549.318144,True
3383,FDX,90.48999786376952,164.91000366210938,0.5487235210374384,0.4512764789625616,246.27999877929688,1.7216267498432851,0.4934206131236871,21.685303,65348.427776,True
3391,FCX,5.309999942779541,12.079999923706056,0.4395695344632478,0.5604304655367521,38.369998931884766,6.225988577280442,2.176324434951911,31.245926,56232.382464,True
3406,FB,146.00999450683594,214.5800018310547,0.6804454900778406,0.3195545099221594,329.75,1.258407043392921,0.5367228874367432,28.253792,934992.93696,True
3414,FBHS,34.83000183105469,72.98999786376953,0.4771886950327403,0.5228113049672596,105.68000030517578,2.034165798146778,0.447869617730634,23.844765,14629.070848,True
3419,FAST,28.18000030517578,39.02000045776367,0.7221937461450979,0.2778062538549021,64.0999984741211,1.274662802695142,0.6427472506953121,42.45033,36823.076864,True
3423,FANG,15.5600004196167,78.4800033569336,0.1982670712799096,0.8017329287200904,111.18000030517578,6.145244042860672,0.4166666099582065,FANG,20121.57952,True
3436,EXR,74.61000061035156,110.55999755859376,0.6748372128970997,0.3251627871029002,208.7100067138672,1.7973462673435534,0.8877533585622287,38.764862,27944.599552,True
3441,EXPE,45.650001525878906,121.66000366210938,0.3752260410304134,0.6247739589695865,166.9499969482422,2.657173962055588,0.3722669071416298,EXPE,24530.46272,True
3442,EXPD,54.93999862670898,75.47000122070312,0.7279713493848161,0.2720286506151839,131.00999450683594,1.3846013429484447,0.7359214573710241,26.0302,22125.754368,True
3449,EXC,29.979999542236328,49.84999847412109,0.6014042218637181,0.3985957781362819,53.90999984741211,0.7981988215664512,0.0814443630404264,48.567566,52679.503872,True
3451,EW,52.40999984741211,77.97000122070312,0.6721815958301646,0.3278184041698354,121.83999633789062,1.3247471225456762,0.5626522307343358,90.318756,75740.250112,True
3459,EVRG,44.91999816894531,73.55999755859375,0.6106579616613578,0.3893420383386422,66.94000244140625,0.4902049236432093,-0.0899944988703185,20.596924,15347.2,True
3485,ETSY,31.690000534057617,62.459999084472656,0.5073647294038408,0.4926352705961592,225.27999877929688,6.108866992197927,2.606788377864397,63.981823,28633.76384,True
3486,ETR,78.18000030517578,131.4499969482422,0.5947508719681355,0.4052491280318645,107.41000366210938,0.3738808294043773,-0.1828831787314414,13.478479,21549.989888,True
3490,ETN,57.77000045776367,105.0999984741211,0.549666996160694,0.4503330038393059,170.4600067138672,1.9506665287027736,0.6218840075039561,47.949368,67928.313856,True
3495,ES,62.22999954223633,98.54000091552734,0.6315201843318686,0.3684798156681313,87.87999725341797,0.4121805865316236,-0.1081794556836627,24.384016,30183.790592,True
3500,ESS,182.22999572753903,329.0299987792969,0.5538400644427965,0.4461599355572034,345.67999267578125,0.8969434274290622,0.050603270091651,53.362144,22468.818944,True
3530,EQR,51.38999938964844,87.01000213623047,0.5906217460975091,0.4093782539024909,86.86000061035156,0.6902121354733446,-0.0017239572715335,30.768686,32573.89056,True
3532,EQIX,489.1400146484375,655.989990234375,0.7456516439735237,0.2543483560264763,797.8900146484375,0.6312098596593242,0.216314313520796,175.1295,71474.91328,True
3551,EOG,29.76000022888184,75.98999786376953,0.3916304917159472,0.6083695082840528,89.68000030517578,2.0134408472934777,0.1801553207824652,EOG,52341.460992,True
3565,ENPH,23.989999771118164,59.09000015258789,0.4059908564760344,0.5940091435239656,215.0200042724609,7.962901472442945,2.638856045307421,319.4948,29178.001408,True
3579,EMR,38.08000183105469,72.08999633789062,0.5282286553680926,0.4717713446319074,92.58999633789062,1.4314598709494388,0.2843667782130981,26.118475,55526.219776,True
3581,EMN,38.38999938964844,74.12999725341797,0.51787401608029,0.4821259839197099,117.3000030517578,2.055483326821485,0.5823554215274082,32.50208,15990.805504,True
3589,EL,144.3800048828125,211.32000732421875,0.6832292252446157,0.3167707747553843,361.3900146484375,1.5030475303125483,0.7101552248858912,95.68176,131008.217088,True
3607,EIX,44.470001220703125,77.56999969482422,0.5732886605086623,0.4267113394913376,67.05999755859375,0.5079828135325931,-0.1354905527598157,31.031929,25445.111808,True
3626,EFX,104.62000274658205,162.8699951171875,0.6423528328302971,0.3576471671697029,295.1199951171875,1.820875428879963,0.8119973228024233,59.849926,35916.988416,True
3636,ED,65.3499984741211,94.58000183105467,0.6909494312640612,0.3090505687359388,82.61000061035156,0.2641163357190514,-0.1265595367833123,24.375923,29560.252416,True
3652,ECL,125.22000122070312,207.5,0.6034698854009789,0.3965301145990211,232.009994506836,0.8528189765620032,0.1181204554546311,ECL,66340.241408,True
3667,EBAY,26.34000015258789,38.4900016784668,0.6843335672631,0.3156664327369,66.88999938964844,1.5394836371356866,0.7378538964073363,16.223623,45569.613824,True
3668,EA,86.94000244140625,111.83000183105467,0.7774300368227609,0.2225699631772391,125.63999938964844,0.4451345279674255,0.1234909892915587,31.060568,36137.32864,True
3674,D,59.38999938964844,89.80000305175781,0.6613585453378878,0.3386414546621121,75.95999908447266,0.279003196920597,-0.1541203062020858,78.63354,61263.5648,True
3684,DXC,9.3100004196167,30.39999961853028,0.3062500176461121,0.6937499823538879,30.86000061035156,2.3147152759872904,0.0151316117629451,DXC,7856.771072,True
3685,DXCM,191.16000366210932,302.510009765625,0.6319129863180857,0.3680870136819143,566.5,1.9634860281826223,0.8726653059808035,108.837654,54783.893504,True
3687,DVN,5.409999847412109,22.14999961853028,0.2442437896426058,0.7557562103573942,43.41999816894531,7.025877891607595,0.9602708314550468,DVN,29390.995456,True
3689,DVA,64.98999786376953,84.6500015258789,0.7677495179241197,0.2322504820758802,105.80999755859376,0.6280966462006989,0.2499704152544627,16.35647,11237.021696,True
3693,DUK,64.1500015258789,102.43000030517578,0.6262813759128478,0.3737186240871522,101.51000213623048,0.5823850307358152,-0.0089817257268797,25.961637,78096.007168,True
3705,DTE,76.80999755859375,134.9600067138672,0.5691315481440435,0.4308684518559564,116.22000122070312,0.5130842978096157,-0.1388559911151702,15.792907,22514.952192,True
3722,DRI,34.15999984741211,121.0999984741211,0.2820809271497394,0.7179190728502606,151.80999755859375,3.4440865994352325,0.2535920683024231,DRI,19863.27552,True
3725,DRE,26.14999961853028,38.83000183105469,0.6734483230854897,0.3265516769145102,61.59000015258789,1.3552581663880523,0.5861446625874394,63.956387,23095.32672,True
3728,DPZ,286.32000732421875,373.1600036621094,0.7672848229026096,0.2327151770973904,534.4199829101562,0.8665128850216806,0.4321470084292991,43.374725,20750.671872,True
3733,DOW,22.0,48.7599983215332,0.4511895151211366,0.5488104848788634,54.68000030517578,1.485454559326172,0.1214110374779937,20.657347,40845.357056,True
3734,DOV,65.37000274658203,119.44000244140624,0.5473040975417816,0.4526959024582184,171.36000061035156,1.621385856057829,0.4346952202585206,33.60659,24663.332864,True
3755,DLTR,65.56999969482422,93.88999938964844,0.6983704347755427,0.3016295652244573,141.5500030517578,1.1587616853829434,0.5076153367976695,22.79388,32833.089536,True
3757,DLR,107.9000015258789,143.33999633789062,0.7527557156589415,0.2472442843410585,167.10000610351562,0.548656197779924,0.1657598044694818,106.97823,47053.357056,True
3768,DIS,85.76000213623047,140.3699951171875,0.610956793612723,0.3890432063872769,152.7100067138672,0.7806670115432843,0.0879106078644347,139.58867,277574.877184,True
3769,DISH,18.14999961853028,41.0,0.4426829175251287,0.5573170824748712,32.130001068115234,0.7702480299400143,-0.216341437363043,8.287335,16955.1616,True
3779,DHR,121.38999938964844,161.8800048828125,0.7498764253035733,0.2501235746964266,317.489990234375,1.6154542534864618,0.961267486149454,49.872757,226458.927104,True
3780,DHI,28.780000686645508,62.04999923706055,0.4638195171718246,0.5361804828281753,109.6500015258789,2.8099374186866743,0.7671233339901211,12.711569,39527.071744,True
3785,DG,136.10000610351562,166.8800048828125,0.8155561009186727,0.1844438990813273,222.3999938964844,0.6340924608580127,0.3326940759179597,20.444933,52531.990528,True
3786,DGX,75.13999938964844,115.68000030517578,0.649550477104265,0.350449522895735,160.05999755859375,1.130157025003173,0.3836445118978125,12.144157,19457.85344,True
3791,DFS,25.25,75.79000091552734,0.333157404604635,0.666842595395365,116.7699966430664,3.62455432249768,0.540704515536473,13.130552,35771.904,True
3795,DE,111.1500015258789,177.42999267578125,0.6264442659871146,0.3735557340128854,358.3599853515625,2.2241113849029146,1.0197260899762055,24.707666,111787.532288,True
3804,DD,28.459999084472656,52.54999923706055,0.541579438585442,0.458420561414558,80.04000091552734,1.812368358760628,0.5231208768330419,18.395773,42592.649216,True
3830,DAL,21.350000381469727,58.380001068115234,0.3657074338960611,0.6342925661039389,38.18000030517578,0.7882903804682501,-0.3460089138979455,DAL,24421.722112,True
3834,C,35.38999938964844,78.22000122070312,0.4524418158699987,0.5475581841300012,60.709999084472656,0.7154563473157423,-0.2238558151747504,5.750142,120465.022976,True
3836,CZR,7.099999904632568,69.47000122070312,0.1022023863520051,0.8977976136479948,88.9800033569336,11.53239500734027,0.2808406764561303,CZR,18570.039296,True
3867,CVX,54.220001220703125,109.80999755859376,0.4937619745576604,0.5062380254423395,118.33999633789062,1.182589333707064,0.0776796190596882,CVX,228166.61504,True
3870,CVS,52.29999923706055,71.94000244140625,0.726994682543386,0.273005317456614,98.86000061035156,0.8902486052102638,0.3742006846729138,17.606413,130156.109824,True
3898,CTXS,102.97000122070312,137.80999755859375,0.7471881797031639,0.2528118202968361,81.51000213623047,-0.2084102052060373,-0.408533462156298,32.37093,10166.171648,True
3900,CTVA,20.739999771118164,31.56999969482422,0.6569528023948131,0.3430471976051868,47.959999084472656,1.3124397113668322,0.5191637487514932,CTVA,35351.363584,True
3904,CTSH,41.61000061035156,70.08999633789062,0.5936653272138526,0.4063346727861474,82.0999984741211,0.9730833278021294,0.1713511594198481,28.847506,43300.524032,True
3912,CTLT,36.95000076293945,58.97999954223633,0.6264835715449453,0.3735164284550547,122.31999969482422,2.310419409179287,1.0739233747743473,41.422283,20836.233216,True
3923,CTAS,157.05999755859375,297.70001220703125,0.5275780689231837,0.4724219310768163,458.4500122070313,1.9189482957683048,0.5399731051680601,50.180607,48161.550336,True
3925,CSX,47.65999984741211,80.44999694824219,0.5924176712905825,0.4075823287094174,36.7400016784668,-0.2291229165737871,-0.5433187933853668,10.410882,27826.876416,True
3948,CSCO,33.20000076293945,46.84999847412109,0.7086446498238075,0.2913553501761925,59.25,0.7846385132056888,0.2646745342527258,24.493593,249691.357184,True
3968,CRM,124.3000030517578,193.3600006103516,0.6428423803237377,0.3571576196762622,266.0299987792969,1.1402251990977306,0.3758274614168307,60.737442,245341.650944,True
3971,CRL,98.9000015258789,175.42999267578125,0.5637576563584524,0.4362423436415475,357.739990234375,2.61718892532844,1.0392179511489104,46.333374,18053.134336,True
3994,CPRT,58.77999877929688,97.3000030517578,0.604110965423397,0.3958890345766029,149.2100067138672,1.5384486187914144,0.5335046457757701,42.377167,35299.803136,True
4005,CPB,41.40999984741211,53.84000015258789,0.7691307527869998,0.2308692472130001,43.150001525878906,0.0420188767176616,-0.1985512369318809,16.23401,13074.838528,True
4013,COST,279.8500061035156,324.0799865722656,0.8635214073643906,0.1364785926356093,558.8200073242188,0.9968554409018416,0.724327420630799,57.1449,247296.868352,True
4017,COP,22.670000076293945,58.880001068115234,0.3850203747460566,0.6149796252539433,73.48999786376953,2.241729052335476,0.248131734555384,19.932194,96929.636352,True
4018,COO,243.44000244140625,355.6700134277344,0.6844546721700754,0.3155453278299246,399.5799865722656,0.6413900039638754,0.123457057066333,8.412919,19678.47424,True
4033,COF,42.869998931884766,103.54000091552734,0.4140428680009387,0.5859571319990613,150.41000366210938,2.5085142852719136,0.4526753170962468,9.832005,67908.460544,True
4049,CNP,12.100000381469728,25.71999931335449,0.4704510382777147,0.5295489617222853,27.8700008392334,1.3033057818671048,0.0835925965504428,CNP,15372.562432,True
4063,CNC,45.54999923706055,65.7300033569336,0.6929864127605534,0.3070135872394466,78.44999694824219,0.7222831671183307,0.1935188337392168,18.736567,45715.5584,True
4071,CMS,48.5099983215332,68.58999633789062,0.7072459675105014,0.2927540324894986,62.52999877929688,0.2890125941633008,-0.088351040707755,20.808651,18099.933184,True
4081,CMI,102.76000213623048,167.4600067138672,0.6136390661431942,0.3863609338568058,218.1000061035156,1.1224211908284814,0.3024005575025154,17.220688,31886.876672,True
4082,CMG,465.2099914550781,927.5900268554688,0.5015254347140197,0.4984745652859803,1721.4000244140625,2.700264517169738,0.8557767705304148,120.613785,48458.272768,True
4083,CME,139.5399932861328,223.6300048828125,0.623977061393238,0.3760229386067619,228.3999938964844,0.6368066854363416,0.0213298256473745,42.85178,82017.746944,True
4091,CMA,27.34000015258789,63.43000030517578,0.4310263285676982,0.5689736714323018,84.52999877929688,2.0918068144668838,0.3326501398802511,13.767101,11801.486336,True
4092,CL,59.88999938964844,76.2699966430664,0.7852366857956713,0.2147633142043287,79.47000122070312,0.3269327438737451,0.0419562700731759,25.553057,67229.159424,True
4093,CLX,158.6999969482422,197.8800048828125,0.8020011776441318,0.1979988223558682,168.52999877929688,0.0619407814750028,-0.148322242668718,48.60975,20706.101248,True
4128,CI,130.05999755859375,220.41000366210932,0.5900820988051748,0.4099179011948252,214.94000244140625,0.6526219166240791,-0.0248173909070327,9.237977,73638.445056,True
4137,CINF,66.77999877929688,112.12000274658205,0.5956118189743146,0.4043881810256854,116.37999725341795,0.7427373372384377,0.0379949554270393,6.172695,18748.4672,True
4155,CHTR,371.7000122070313,539.219970703125,0.689329090913207,0.3106709090867929,610.8900146484375,0.6435028102936434,0.1329142981330182,34.527214,115254.173696,True
4162,CHRW,60.11000061035156,74.81999969482422,0.8033948256552821,0.1966051743447179,104.6999969482422,0.7418066192834438,0.3993584252244387,23.639648,13923.94752,True
4181,CHD,60.29999923706055,76.61000061035156,0.7871034950613588,0.2128965049386412,95.6500015258789,0.5862355345950344,0.2485315332702745,31.055197,23457.779712,True
4195,CF,21.13999938964844,39.47999954223633,0.5354609836566117,0.4645390163433883,61.16999816894531,1.8935666951295296,0.5493920688500687,32.851772,13121.883136,True
4201,CFG,15.31999969482422,38.77999877929688,0.3950489988927737,0.6049510011072263,47.400001525878906,2.093994939300994,0.2222796033501657,13.307131,20189.0816,True
4206,CE,59.119998931884766,108.9000015258789,0.5428833618320523,0.4571166381679477,160.9199981689453,1.721921533766427,0.477685912894174,9.019169,18124.9024,True
4213,CERN,54.70000076293945,76.70999908447266,0.7130752368110981,0.2869247631889019,74.37000274658203,0.3595978374641901,-0.0305044500823658,28.472437,22408.945664,True
4233,CDW,79.55999755859375,138.24000549316406,0.5755207928035563,0.4244792071964437,194.8699951171875,1.4493464190175611,0.4096497929235381,32.928352,27321.552896,True
4237,CDNS,54.31999969482422,76.97000122070312,0.7057294898445892,0.2942705101554108,184.13999938964844,2.389911642565673,1.3923606141261058,78.69231,51239.714816,True
4244,CDAY,44.150001525878906,75.19999694824219,0.5871011079464002,0.4128988920535997,103.86000061035156,1.3524348136086275,0.3811170854413087,CDAY,15499.858944,True
4257,CCL,9.300000190734863,42.5,0.2188235338996438,0.7811764661003562,19.280000686645508,1.0731183108849,-0.5463529250201057,CCL,22953.613312,True
4261,CCI,116.9800033569336,168.05999755859375,0.6960609607063023,0.3039390392936977,193.2100067138672,0.6516498646724933,0.14964899155437,92.22434,83503.439872,True
4268,CB,94.1999969482422,163.75,0.5752671569358302,0.4247328430641698,191.47000122070312,1.0325903123532534,0.1692824502027671,15.546444,86102.335488,True
4275,CBRE,29.82999992370605,63.70000076293945,0.4682888471967035,0.5317111528032965,103.6999969482422,2.476365981007975,0.6279434176800619,41.629868,34807.627776,True
4285,CAT,91.8499984741211,137.2100067138672,0.6694118065722552,0.3305881934277448,203.4600067138672,1.2151334795197892,0.4828365043240277,32.53278,111452.749824,True
4315,CAH,41.0,60.41999816894531,0.678583271144043,0.3214167288559569,48.4900016784668,0.1826829677674828,-0.1974511230059966,12.414235,14069.276672,True
4316,CAG,24.13999938964844,29.8799991607666,0.8078982619700015,0.1921017380299985,32.08000183105469,0.3289147739088605,0.0736279361472258,13.201647,15597.490176,True
4340,BXP,77.93000030517578,146.9199981689453,0.5304247296243702,0.4695752703756298,114.0999984741211,0.4641344543475262,-0.2233868779189886,38.98189,17808.044032,True
4350,BWA,19.729999542236328,35.150001525878906,0.5613086397083162,0.4386913602916837,46.06999969482422,1.3350228466149443,0.3106684977212747,23.505102,11049.797632,True
4371,BSX,25.82999992370605,42.619998931884766,0.6060535094096912,0.3939464905903088,41.16999816894531,0.5938830155071212,-0.0340216048634079,291.9858,58498.859008,True
4387,BR,84.26000213623047,121.37999725341795,0.6941835890827373,0.3058164109172627,178.36000061035156,1.1167813445100732,0.4694348710353847,40.57325,20712.23296,True
4393,BRO,31.65999984741211,48.5099983215332,0.6526489577996643,0.3473510422003357,67.20999908447266,1.1228679535185282,0.3854875574101735,36.349377,18943.004672,True
4438,BMY,46.400001525878906,65.62999725341797,0.7069938056939721,0.2930061943060279,56.36000061035156,0.2146551456235969,-0.1412463359898073,BMY,127154.364416,True
4457,BLL,51.93999862670898,78.55999755859375,0.6611507158967218,0.3388492841032782,93.5,0.8001540714696848,0.1901731530765806,40.84753,30691.844096,True
4458,BLK,327.4200134277344,566.9199829101562,0.5775418459356422,0.4224581540643578,925.1599731445312,1.8256060570614003,0.6319057380821727,26.810015,141110.951936,True
4468,BK,27.489999771118164,45.83000183105469,0.5998254128912291,0.4001745871087708,56.72999954223633,1.0636595130800477,0.2378354195001523,15.132035,49666.039808,True
4474,BKR,9.329999923706056,20.65999984741211,0.4515972890907228,0.5484027109092772,25.440000534057617,1.7266881824316629,0.2313649913818491,141.33333,22131.986432,True
4476,BKNG,1152.239990234375,1970.9100341796875,0.5846233314824788,0.4153766685175212,2236.360107421875,0.9408804818230456,0.1346840132927074,130.77365,91808.841728,True
4489,BIO,320.010009765625,409.0700073242188,0.7822866600728148,0.2177133399271852,746.0499877929688,1.331333286541177,0.8237709302448759,5.49083,22340.68992,True
4496,BIIB,268.8800048828125,336.7099914550781,0.7985507163623474,0.2014492836376525,232.6199951171875,-0.1348557315797,-0.3091384246961905,22.767935,34170.247168,True
4542,BEN,15.300000190734863,25.670000076293945,0.5960264957250351,0.4039735042749649,34.04999923706055,1.2254901184694114,0.3264510765820164,21.854942,17209.00608,True
4549,BDX,200.5800018310547,257.3500061035156,0.7794054675498008,0.2205945324501992,244.97000122070312,0.2213082011388025,-0.0481057104690054,35.762043,69577.35936,True
4580,BBY,50.68999862670898,91.93000030517578,0.5513977859070568,0.4486022140929432,103.81999969482422,1.0481357764354051,0.129337532363513,12.171161,26004.105216,True
4598,BA,95.01000213623048,336.2799987792969,0.282532420843103,0.717467579156897,205.0599975585937,1.1582990521836596,-0.3902105438831759,BA,119921.13152,True
4599,BAX,71.56999969482422,93.05999755859376,0.7690737327793427,0.2309262672206573,80.86000061035156,0.1298030034251792,-0.131098186850485,39.062805,40660.611072,True
4614,BAC,18.07999992370605,34.849998474121094,0.518794855532975,0.481205144467025,44.52000045776367,1.4623894162405466,0.277474961464441,19.107298,381506.125824,True
4616,A,63.369998931884766,85.06999969482422,0.7449159416858477,0.2550840583141522,156.25999450683594,1.465835523759388,0.8368401912236403,60.169426,47612.104704,True
4621,AZO,723.219970703125,1148.300048828125,0.6298179395195471,0.3701820604804529,2003.02001953125,1.7695861572847398,0.7443350469029351,21.99743,43154.665472,True
4634,AXP,68.95999908447266,136.5800018310547,0.5049055363886588,0.4950944636113412,167.02999877929688,1.4221287847566997,0.2229462332699915,27.37748,134175.694848,True
4646,AWK,97.06999969482422,141.0,0.6884397141476895,0.3115602858523105,176.13999938964844,0.8145668068755566,0.2492198538272939,44.502274,32644.73088,True
4650,AVY,78.75,136.77000427246094,0.5757841452071707,0.4242158547928293,212.6300048828125,1.7000635540674602,0.5546537854837679,28.316689,17649.926144,True
4663,AVGO,167.8699951171875,309.239990234375,0.542846981045232,0.457153018954768,631.6799926757812,2.762911842791292,1.0426853337986035,58.711777,259153.657856,True
4670,AVB,121.08000183105467,228.0200042724609,0.5310060501813528,0.4689939498186471,244.8699951171875,1.0223818253559285,0.0738969850408061,42.794476,34185.074688,True
4685,ATVI,52.04999923706055,64.0,0.813281238079071,0.1867187619209289,58.59999847412109,0.1258405251310133,-0.084375023841858,19.797297,45533.196288,True
4695,ATO,80.5,119.2300033569336,0.6751656272206141,0.3248343727793858,95.73999786376952,0.1893167436493107,-0.1970142148100347,18.699219,12678.464512,True
4764,ARE,114.91999816894533,168.72000122070312,0.6811284811373262,0.3188715188626738,211.94000244140625,0.8442395215655207,0.2561640641773521,36.936214,31262.420992,True
4792,APTV,33.54999923706055,91.08999633789062,0.3683170555042034,0.6316829444957965,168.97000122070312,4.036363787277012,0.8549786805778674,25.355642,45700.132864,True
4807,APH,68.33999633789062,103.70999908447266,0.658952819797319,0.341047180202681,84.2699966430664,0.2330992267897372,-0.1874457874170089,40.417263,50361.09824,True
4811,APD,176.72999572753906,255.3999938964844,0.6919733749060664,0.3080266250939336,295.3500061035156,0.6711934207187474,0.1564213514555653,34.804382,66978.885632,True
4813,APA,4.309999942779541,28.57999992370605,0.1508047569728842,0.8491952430271158,26.670000076293945,5.187935134656713,-0.0668299458541226,1270,10080.539648,True
4815,AOS,34.75,44.52000045776367,0.7805480602581638,0.2194519397418362,83.62999725341797,1.4066186259976394,0.8784815003036249,34.831318,13418.935296,True
4817,AON,145.47999572753906,234.3300018310547,0.6208338436852232,0.3791661563147768,293.739990234375,1.0191091480680503,0.253531293215084,32.2048,66281.549824,True
4822,ANTM,174.67999267578125,296.4200134277344,0.5892989162770121,0.4107010837229878,431.0,1.4673690065923422,0.4540178816403553,23.059227,105526.468608,True
4824,ANSS,204.4600067138672,294.0199890136719,0.6953949199160055,0.3046050800839944,398.4500122070313,0.948791935454862,0.3551800118885912,75.79418,34725.556224,True
4832,ANET,157.0399932861328,228.27999877929688,0.6879270813294531,0.3120729186705469,130.69000244140625,-0.1677915943151874,-0.4275013004194095,15.315833,9974.496256,True
4837,AMZN,1676.6099853515625,2153.10009765625,0.778695791791859,0.221304208208141,3444.239990234375,1.0542881292169832,0.5996655213492355,65.52718,1737012.936704,True
4840,AMT,179.08999633789062,251.66000366210932,0.7116347203838769,0.2883652796161231,272.57000732421875,0.5219722647710517,0.0830883070723632,63.241302,123936.489472,True
4853,AMP,82.87999725341797,179.72000122070312,0.4611617888408431,0.5388382111591569,297.8099975585937,2.593267464138484,0.6570776515457034,AMP,34517.66784,True
4866,AMGN,182.2400054931641,222.7899932861328,0.8179900847661066,0.1820099152338934,210.88999938964844,0.1572102339382283,-0.0534135026486625,17.467903,121167.691776,True
4867,AME,58.209999084472656,100.5500030517578,0.5789159355321873,0.4210840644678126,142.75,1.452327817302408,0.4196916525852305,40.89086,32963.688448,True
4870,AMD,38.709999084472656,57.27000045776367,0.6759210542179248,0.3240789457820752,138.5500030517578,2.5791786703330857,1.4192422200858497,58.16541,168341.028864,True
4873,AMCR,5.949999809265137,10.270000457763672,0.5793573071135744,0.4206426928864256,11.600000381469728,0.9495799585416126,0.1295033947832626,37.060703,17884.76416,True
4877,AMAT,37.9900016784668,66.4000015258789,0.5721385663471781,0.4278614336528219,152.72999572753906,3.0202682016228577,1.30015048520765,31.805496,139592.318976,True
4896,ALL,73.2300033569336,123.62000274658205,0.592379887800628,0.407620112199372,108.0199966430664,0.4750784062723768,-0.1261932191952403,9.974146,30966.740992,True
4901,ALLE,78.5999984741211,129.85000610351562,0.6053137834391911,0.3946862165608089,131.05999755859375,0.6674300267543264,0.0093183781147728,28.672062,11792.529408,True
4902,ALK,23.559999465942383,65.43000030517578,0.3600794644055456,0.6399205355944544,51.66999816894531,1.1931239108743563,-0.210301116797366,ALK,6429.917696,True
4908,ALGN,137.72000122070312,272.489990234375,0.5054130652735058,0.4945869347264942,668.1199951171875,3.851292399035722,1.451906561934704,115.93267,52872.74496,True
4915,ALB,50.900001525878906,94.30999755859376,0.53970949892407,0.4602905010759299,262.8699951171875,4.164439827836497,1.7872972317051463,78.44524,30682.712064,True
4924,AKAM,80.05000305175781,101.47000122070312,0.7889031446608976,0.2110968553391023,113.01000213623048,0.4117426337031089,0.1137282031802403,33.534126,18450.239488,True
4928,AJG,68.23999786376953,108.16999816894533,0.6308588242480034,0.3691411757519965,169.60000610351562,1.4853460054628882,0.5679024588557895,38.952686,33222.436864,True
4929,AIZ,80.41000366210938,141.57000732421875,0.5679875644701858,0.4320124355298141,155.0,0.9276208548792636,0.0948646745848104,21.599777,9387.823104,True
4945,AIG,18.780000686645508,49.79999923706055,0.3771084533003298,0.6228915466996702,54.38999938964844,1.89616599579388,0.0921686791748396,AIG,46674.28864,True
4981,AFL,25.270000457763672,51.52999877929688,0.4903939657750653,0.5096060342249347,57.84000015258789,1.288880059549733,0.1224529695860611,7.4334917,39311.941632,True
4992,AES,9.5600004196167,20.799999237060547,0.4596154216478575,0.5403845783521424,24.420000076293945,1.5543932012999897,0.1740385082699155,381.56247,16315.29472,True
4996,AEP,70.0,102.37999725341795,0.6837273088290012,0.3162726911709987,83.98999786376953,0.1998571123395647,-0.1796249256007327,18.378555,41974.001664,True
5009,AEE,61.369998931884766,87.06999969482422,0.7048351802800435,0.2951648197199564,87.23999786376953,0.4215414597057132,0.0019524310272326,22.849659,22294.441984,True
5018,ADSK,136.0,206.6699981689453,0.658053908186639,0.341946091813361,269.0,0.9779411764705882,0.3015919213397493,46.093216,59183.49312,True
5019,ADP,109.06999969482422,180.7700042724609,0.6033633739944558,0.3966366260055441,236.72999572753903,1.170440968093014,0.3095645855643941,41.134663,100732.878848,True
5022,ADM,29.309999465942383,44.22999954223633,0.6626723890863606,0.3373276109136394,63.45000076293945,1.1647902394767031,0.4345467198648615,13.704103,35496.534016,True
5026,ADI,82.2300033569336,124.5500030517578,0.6602167911851614,0.3397832088148386,183.42999267578125,1.2306942136384398,0.4727417758436776,43.77804,67653.935104,True
5030,ADBE,285.0,378.9599914550781,0.7520582816821809,0.247941718317819,654.4500122070312,1.2963158323053727,0.7269633390431657,56.721268,312827.117568,True
5044,ACN,143.69000244140625,213.8999938964844,0.6717625364259905,0.3282374635740095,379.4400024414063,1.64068477969533,0.7739131055096429,44.904144,241189.896192,True
5067,ABT,62.81999969482422,88.45999908447266,0.7101514847952444,0.2898485152047556,134.3699951171875,1.1389684140393004,0.5189915951601384,33.34243,237605.126144,True
5072,ABMD,130.50999450683594,168.0800018310547,0.7764754467221974,0.2235245532778026,306.0299987792969,1.3448778764852942,0.8207400966529164,93.9607,13923.59936,True
5077,ABC,73.93000030517578,97.0,0.7621649515997503,0.2378350484002497,123.12999725341795,0.6654943425557881,0.2693814149836902,16.661705,25627.414528,True
5081,ABBV,64.5,94.95999908447266,0.6792333679639503,0.3207666320360497,125.47000122070312,0.9452713367550872,0.3212932016678936,29.902287,221815.898112,True
5086,AAP,75.02999877929688,142.47999572753906,0.5266002318162254,0.4733997681837746,240.0399932861328,2.1992535944485097,0.6847276844754775,24.44648,14967.74144,True
5087,AAPL,56.09249877929688,80.07499694824219,0.7004995431414528,0.2995004568585472,179.4499969482422,2.199179941230844,1.2410240872595062,31.98752,2944128.516096,True
5092,AAL,10.25,28.51000022888184,0.3595229715086538,0.6404770284913461,18.010000228881836,0.7570731930616426,-0.3682918244722796,AAL,11661.72672,True
